SET ANSI_NULLS ON
GO
SET QUOTED_IDENTIFIER ON
GO
SET ANSI_PADDING ON
GO
CREATE TABLE [dbo].[Items](
	[ItemNo] [int] NOT NULL,
	[Name] [varchar](10) NULL,
	[Price] [int] NULL,
	[Quantity in Store] [int] NULL,
PRIMARY KEY CLUSTERED 
(
	[ItemNo] ASC
)WITH (PAD_INDEX  = OFF, STATISTICS_NORECOMPUTE  = OFF, IGNORE_DUP_KEY = OFF, ALLOW_ROW_LOCKS  = ON, ALLOW_PAGE_LOCKS  = ON) ON [PRIMARY]
) ON [PRIMARY]
GO
SET ANSI_PADDING OFF
GO
INSERT [dbo].[Items] ([ItemNo], [Name], [Price], [Quantity in Store]) VALUES (100, N'A', 1000, 100)
INSERT [dbo].[Items] ([ItemNo], [Name], [Price], [Quantity in Store]) VALUES (200, N'B', 2000, 50)
INSERT [dbo].[Items] ([ItemNo], [Name], [Price], [Quantity in Store]) VALUES (300, N'C', 3000, 60)
INSERT [dbo].[Items] ([ItemNo], [Name], [Price], [Quantity in Store]) VALUES (400, N'D', 6000, 400)
/****** Object:  Table [dbo].[Courses]    Script Date: 02/17/2017 13:04:02 ******/
SET ANSI_NULLS ON
GO
SET QUOTED_IDENTIFIER ON
GO
SET ANSI_PADDING ON
GO
CREATE TABLE [dbo].[Customers](
	[CustomerNo] [varchar](2) NOT NULL,
	[Name] [varchar](30) NULL,
	[City] [varchar](3) NULL,
	[Phone] [varchar](11) NULL,
PRIMARY KEY CLUSTERED 
(
	[CustomerNo] ASC
)WITH (PAD_INDEX  = OFF, STATISTICS_NORECOMPUTE  = OFF, IGNORE_DUP_KEY = OFF, ALLOW_ROW_LOCKS  = ON, ALLOW_PAGE_LOCKS  = ON) ON [PRIMARY]
) ON [PRIMARY]
GO
SET ANSI_PADDING OFF
GO
INSERT [dbo].[Customers] ([CustomerNo], [Name], [City], [Phone]) VALUES (N'C1', N'AHMED ALI', N'LHR', N'111111')
INSERT [dbo].[Customers] ([CustomerNo], [Name], [City], [Phone]) VALUES (N'C2', N'ALI', N'LHR', N'222222')
INSERT [dbo].[Customers] ([CustomerNo], [Name], [City], [Phone]) VALUES (N'C3', N'AYESHA', N'LHR', N'333333')
INSERT [dbo].[Customers] ([CustomerNo], [Name], [City], [Phone]) VALUES (N'C4', N'BILAL', N'KHI', N'444444')
INSERT [dbo].[Customers] ([CustomerNo], [Name], [City], [Phone]) VALUES (N'C5', N'SADAF', N'KHI', N'555555')
INSERT [dbo].[Customers] ([CustomerNo], [Name], [City], [Phone]) VALUES (N'C6', N'FARAH', N'ISL', NULL)
/****** Object:  Table [dbo].[Order]    Script Date: 02/17/2017 13:04:03 ******/
SET ANSI_NULLS ON
GO
SET QUOTED_IDENTIFIER ON
GO
SET ANSI_PADDING ON
GO
CREATE TABLE [dbo].[Order](
	[OrderNo] [int] NOT NULL,
	[CustomerNo] [varchar](2) NULL,
	[Date] [date] NULL,
	[Total_Items_Ordered] [int] NULL,
PRIMARY KEY CLUSTERED 
(
	[OrderNo] ASC
)WITH (PAD_INDEX  = OFF, STATISTICS_NORECOMPUTE  = OFF, IGNORE_DUP_KEY = OFF, ALLOW_ROW_LOCKS  = ON, ALLOW_PAGE_LOCKS  = ON) ON [PRIMARY]
) ON [PRIMARY]
GO
SET ANSI_PADDING OFF
GO
INSERT [dbo].[Order] ([OrderNo], [CustomerNo], [Date], [Total_Items_Ordered]) VALUES (1, N'C1', CAST(0x7F360B00 AS Date), 30)
INSERT [dbo].[Order] ([OrderNo], [CustomerNo], [Date], [Total_Items_Ordered]) VALUES (2, N'C3', CAST(0x2A3C0B00 AS Date), 5)
INSERT [dbo].[Order] ([OrderNo], [CustomerNo], [Date], [Total_Items_Ordered]) VALUES (3, N'C3', CAST(0x493C0B00 AS Date), 20)
INSERT [dbo].[Order] ([OrderNo], [CustomerNo], [Date], [Total_Items_Ordered]) VALUES (4, N'C4', CAST(0x4A3C0B00 AS Date), 15)
/****** Object:  Table [dbo].[OrderDetails]    Script Date: 02/17/2017 13:04:03 ******/
SET ANSI_NULLS ON
GO
SET QUOTED_IDENTIFIER ON
GO
CREATE TABLE [dbo].[OrderDetails](
	[OrderNo] [int] NOT NULL,
	[ItemNo] [int] NOT NULL,
	[Quantity] [int] NULL,
PRIMARY KEY CLUSTERED 
(
	[OrderNo] ASC,
	[ItemNo] ASC
)WITH (PAD_INDEX  = OFF, STATISTICS_NORECOMPUTE  = OFF, IGNORE_DUP_KEY = OFF, ALLOW_ROW_LOCKS  = ON, ALLOW_PAGE_LOCKS  = ON) ON [PRIMARY]
) ON [PRIMARY]
GO
INSERT [dbo].[OrderDetails] ([OrderNo], [ItemNo], [Quantity]) VALUES (1, 200, 20)
INSERT [dbo].[OrderDetails] ([OrderNo], [ItemNo], [Quantity]) VALUES (1, 400, 10)
INSERT [dbo].[OrderDetails] ([OrderNo], [ItemNo], [Quantity]) VALUES (2, 200, 5)
INSERT [dbo].[OrderDetails] ([OrderNo], [ItemNo], [Quantity]) VALUES (3, 200, 60)

GO
/****** Object:  ForeignKey [FK__OrderDeta__ItemN__4316F928]    Script Date: 02/03/2017 13:55:38 ******/
ALTER TABLE [dbo].[OrderDetails]  WITH CHECK ADD FOREIGN KEY([ItemNo])
REFERENCES [dbo].[Items] ([ItemNo])
GO
/****** Object:  ForeignKey [FK__OrderDeta__Order__4222D4EF]    Script Date: 02/03/2017 13:55:38 ******/
ALTER TABLE [dbo].[OrderDetails]  WITH CHECK ADD FOREIGN KEY([OrderNo])
REFERENCES [dbo].[Order] ([OrderNo])
GO


--q1----------------------

create view q1 as
	select od.OrderNo, sum(od.Quantity * i.Price) as totalprice
	from OrderDetails od join Items i on od.ItemNo = i.ItemNo
	group by od.OrderNo

select * from q1

--q2-----------------------

create view q2 as 
	select od.ItemNo
	from OrderDetails od
	group by od.ItemNo
	having sum(od.Quantity) > 20

select * from q2

--q3-----------------------

create view q3 as
	select o.CustomerNo,sum(q1.totalprice)
	from q1 join [Order] o on q1.OrderNo = o.OrderNo
	where q1.totalprice > 2000
	group by o.CustomerNo

select * from q3

--q4------------------------

create view q4a as
	select c.CustomerNo,c.Name,c.Phone
	from Customers c
	where c.Phone is not NULL
select * from q4a

insert into q4a values ('C7','Laraib',123456);
delete from q4a where q4a.CustomerNo = 'C8'
update q4a 
set q4a.CustomerNo = 'C8'
where q4a.CustomerNo = 'C7'


create view q4b as
	select c.CustomerNo
	from Customers c
	where c.Phone is not NULL
	with check option
select * from q4b

-- will not run due to check option
--------------------------------









